<?xml version="1.0" encoding="UTF-8"?>
<project version="4">
  <component name="deploymentTargetDropDown">
    <runningDeviceTargetSelectedWithDropDown>
      <Target>
        <type value="RUNNING_DEVICE_TARGET" />
        <deviceKey>
          <Key>
            <type value="SERIAL_NUMBER" />
            <value value="adb-R58T20FZSHE-3RTGoN._adb-tls-connect._tcp" />
          </Key>
        </deviceKey>
      </Target>
    </runningDeviceTargetSelectedWithDropDown>
    <timeTargetWasSelectedWithDropDown value="2023-01-22T20:27:11.615878Z" />
  </component>
</project>