<?xml version="1.0" encoding="UTF-8"?>
<project version="4">
  <component name="deploymentTargetSelector">
    <selectionStates>
      <SelectionState runConfigName="app">
        <option name="selectionMode" value="DROPDOWN" />
        <DropdownSelection timestamp="2024-10-24T12:56:33.320254800Z">
          <Target type="DEFAULT_BOOT">
            <handle>
              <DeviceId pluginId="LocalEmulator" identifier="path=C:\Users\HARSHINI\.android\avd\Pixel_8_Pro_API_27.avd" />
            </handle>
          </Target>
        </DropdownSelection>
        <DialogSelection />
      </SelectionState>
    </selectionStates>
  </component>
</project>