<?xml version="1.0" encoding="UTF-8"?>
<project version="4">
  <component name="AndroidLayouts">
    <shared>
      <config>
        <device id="pixel_4" />
        <pickBest>false</pickBest>
        <target>android-33</target>
      </config>
    </shared>
    <layouts>
      <layout url="file://$PROJECT_DIR$/app/src/main/res/layout/activity_main.xml">
        <config>
          <theme>@android:style/Theme.Material.Light</theme>
        </config>
      </layout>
    </layouts>
  </component>
  <component name="AutoImportSettings">
    <option name="autoReloadType" value="NONE" />
  </component>
  <component name="ChangeListManager">
    <list default="true" id="62967283-f224-4b8f-b34c-9f9615948e69" name="Changes" comment="" />
    <option name="SHOW_DIALOG" value="false" />
    <option name="HIGHLIGHT_CONFLICTS" value="true" />
    <option name="HIGHLIGHT_NON_ACTIVE_CHANGELIST" value="false" />
    <option name="LAST_RESOLUTION" value="IGNORE" />
  </component>
  <component name="ClangdSettings">
    <option name="formatViaClangd" value="false" />
  </component>
  <component name="ExecutionTargetManager" SELECTED_TARGET="device_and_snapshot_combo_box_target[DeviceId(pluginId=LocalEmulator, isTemplate=false, identifier=path=C:\Users\HARSHINI\.android\avd\Pixel_8_Pro_API_27.avd)]" />
  <component name="ExternalProjectsData">
    <projectState path="$PROJECT_DIR$">
      <ProjectState />
    </projectState>
  </component>
  <component name="ExternalProjectsManager">
    <system id="GRADLE">
      <state>
        <task path="$PROJECT_DIR$/app">
          <activation />
        </task>
        <projects_view>
          <tree_state>
            <expand>
              <path>
                <item name="" type="6a2764b6:ExternalProjectsStructure$RootNode" />
                <item name="multilangstttts" type="f1a62948:ProjectNode" />
              </path>
              <path>
                <item name="" type="6a2764b6:ExternalProjectsStructure$RootNode" />
                <item name="multilangstttts" type="f1a62948:ProjectNode" />
                <item name="app" type="2d1252cf:ModuleNode" />
              </path>
              <path>
                <item name="" type="6a2764b6:ExternalProjectsStructure$RootNode" />
                <item name="multilangstttts" type="f1a62948:ProjectNode" />
                <item name="app" type="2d1252cf:ModuleNode" />
                <item name="Tasks" type="e4a08cd1:TasksNode" />
              </path>
              <path>
                <item name="" type="6a2764b6:ExternalProjectsStructure$RootNode" />
                <item name="multilangstttts" type="f1a62948:ProjectNode" />
                <item name="app" type="2d1252cf:ModuleNode" />
                <item name="Tasks" type="e4a08cd1:TasksNode" />
                <item name="other" type="c8890929:TasksNode$1" />
              </path>
            </expand>
            <select />
          </tree_state>
        </projects_view>
      </state>
    </system>
  </component>
  <component name="FileTemplateManagerImpl">
    <option name="RECENT_TEMPLATES">
      <list>
        <option value="resourceFile" />
      </list>
    </option>
  </component>
  <component name="ProblemsViewState">
    <option name="selectedTabId" value="CurrentFile" />
  </component>
  <component name="ProjectColorInfo">{
  &quot;associatedIndex&quot;: 2
}</component>
  <component name="ProjectId" id="2mvpR0cZV1NIM5fom16BcER4B9a" />
  <component name="ProjectViewState">
    <option name="hideEmptyMiddlePackages" value="true" />
    <option name="showLibraryContents" value="true" />
  </component>
  <component name="PropertiesComponent"><![CDATA[{
  "keyToString": {
    "Android App.app.executor": "Run",
    "RunOnceActivity.ShowReadmeOnStart": "true",
    "RunOnceActivity.cidr.known.project.marker": "true",
    "RunOnceActivity.readMode.enableVisualFormatting": "true",
    "cf.first.check.clang-format": "false",
    "cidr.known.project.marker": "true",
    "kotlin-language-version-configured": "true",
    "last_opened_file_path": "C:/Users/HARSHINI/AndroidStudioProjects/Online-Voting-System-master",
    "settings.editor.selected.configurable": "AndroidSdkUpdater",
    "show.do.not.copy.http.proxy.settings.to.gradle": "true"
  }
}]]></component>
  <component name="RunManager">
    <configuration name="app" type="AndroidRunConfigurationType" factoryName="Android App">
      <module name="multilangstttts.app.main" />
      <option name="DEPLOY" value="true" />
      <option name="DEPLOY_APK_FROM_BUNDLE" value="false" />
      <option name="DEPLOY_AS_INSTANT" value="false" />
      <option name="ARTIFACT_NAME" value="" />
      <option name="PM_INSTALL_OPTIONS" value="" />
      <option name="ALL_USERS" value="false" />
      <option name="ALWAYS_INSTALL_WITH_PM" value="false" />
      <option name="CLEAR_APP_STORAGE" value="false" />
      <option name="DYNAMIC_FEATURES_DISABLED_LIST" value="" />
      <option name="ACTIVITY_EXTRA_FLAGS" value="" />
      <option name="MODE" value="default_activity" />
      <option name="CLEAR_LOGCAT" value="false" />
      <option name="SHOW_LOGCAT_AUTOMATICALLY" value="false" />
      <option name="TARGET_SELECTION_MODE" value="DEVICE_AND_SNAPSHOT_COMBO_BOX" />
      <option name="SELECTED_CLOUD_MATRIX_CONFIGURATION_ID" value="-1" />
      <option name="SELECTED_CLOUD_MATRIX_PROJECT_ID" value="" />
      <option name="DEBUGGER_TYPE" value="Auto" />
      <Auto>
        <option name="USE_JAVA_AWARE_DEBUGGER" value="false" />
        <option name="SHOW_STATIC_VARS" value="true" />
        <option name="WORKING_DIR" value="" />
        <option name="TARGET_LOGGING_CHANNELS" value="lldb process:gdb-remote packets" />
        <option name="SHOW_OPTIMIZED_WARNING" value="true" />
        <option name="ATTACH_ON_WAIT_FOR_DEBUGGER" value="false" />
        <option name="DEBUG_SANDBOX_SDK" value="false" />
      </Auto>
      <Hybrid>
        <option name="USE_JAVA_AWARE_DEBUGGER" value="false" />
        <option name="SHOW_STATIC_VARS" value="true" />
        <option name="WORKING_DIR" value="" />
        <option name="TARGET_LOGGING_CHANNELS" value="lldb process:gdb-remote packets" />
        <option name="SHOW_OPTIMIZED_WARNING" value="true" />
        <option name="ATTACH_ON_WAIT_FOR_DEBUGGER" value="false" />
        <option name="DEBUG_SANDBOX_SDK" value="false" />
      </Hybrid>
      <Java>
        <option name="ATTACH_ON_WAIT_FOR_DEBUGGER" value="false" />
        <option name="DEBUG_SANDBOX_SDK" value="false" />
      </Java>
      <Native>
        <option name="USE_JAVA_AWARE_DEBUGGER" value="false" />
        <option name="SHOW_STATIC_VARS" value="true" />
        <option name="WORKING_DIR" value="" />
        <option name="TARGET_LOGGING_CHANNELS" value="lldb process:gdb-remote packets" />
        <option name="SHOW_OPTIMIZED_WARNING" value="true" />
        <option name="ATTACH_ON_WAIT_FOR_DEBUGGER" value="false" />
        <option name="DEBUG_SANDBOX_SDK" value="false" />
      </Native>
      <Profilers>
        <option name="ADVANCED_PROFILING_ENABLED" value="false" />
        <option name="STARTUP_PROFILING_ENABLED" value="false" />
        <option name="STARTUP_CPU_PROFILING_ENABLED" value="false" />
        <option name="STARTUP_CPU_PROFILING_CONFIGURATION_NAME" value="Java/Kotlin Method Sample (legacy)" />
        <option name="STARTUP_NATIVE_MEMORY_PROFILING_ENABLED" value="false" />
        <option name="NATIVE_MEMORY_SAMPLE_RATE_BYTES" value="2048" />
      </Profilers>
      <option name="DEEP_LINK" value="" />
      <option name="ACTIVITY_CLASS" value="" />
      <option name="SEARCH_ACTIVITY_IN_GLOBAL_SCOPE" value="false" />
      <option name="SKIP_ACTIVITY_VALIDATION" value="false" />
      <method v="2">
        <option name="Android.Gradle.BeforeRunTask" enabled="true" />
      </method>
    </configuration>
  </component>
  <component name="SpellCheckerSettings" RuntimeDictionaries="0" Folders="0" CustomDictionaries="0" DefaultDictionary="application-level" UseSingleDictionary="true" transferred="true" />
  <component name="TaskManager">
    <task active="true" id="Default" summary="Default task">
      <changelist id="62967283-f224-4b8f-b34c-9f9615948e69" name="Changes" comment="" />
      <created>1727966891835</created>
      <option name="number" value="Default" />
      <option name="presentableId" value="Default" />
      <updated>1727966891835</updated>
    </task>
    <servers />
  </component>
</project>